Week,None,D0-D4,D1-D4,D2-D4,D3-D4,D4,DSCI
2024-03-12,100.00,0.00,0.00,0.00,0.00,0.00,0
2024-03-05,100.00,0.00,0.00,0.00,0.00,0.00,0
2024-02-27,100.00,0.00,0.00,0.00,0.00,0.00,0
2024-02-20,100.00,0.00,0.00,0.00,0.00,0.00,0
2024-02-13,100.00,0.00,0.00,0.00,0.00,0.00,0
2024-02-06,100.00,0.00,0.00,0.00,0.00,0.00,0
2024-01-30,100.00,0.00,0.00,0.00,0.00,0.00,0
2024-01-23,100.00,0.00,0.00,0.00,0.00,0.00,0
2024-01-16,100.00,0.00,0.00,0.00,0.00,0.00,0
2024-01-09,100.00,0.00,0.00,0.00,0.00,0.00,0
2024-01-02,100.00,0.00,0.00,0.00,0.00,0.00,0
2023-12-26,78.37,21.63,0.00,0.00,0.00,0.00,22
2023-12-19,78.37,21.63,0.00,0.00,0.00,0.00,22
2023-12-12,75.09,24.91,0.00,0.00,0.00,0.00,25
2023-12-05,41.04,58.96,0.00,0.00,0.00,0.00,59
2023-11-28,41.04,58.96,0.02,0.00,0.00,0.00,59
2023-11-21,41.04,58.96,0.17,0.00,0.00,0.00,59
2023-11-14,41.04,58.96,0.00,0.00,0.00,0.00,59
2023-11-07,84.45,15.55,0.00,0.00,0.00,0.00,16
2023-10-31,85.03,14.97,0.00,0.00,0.00,0.00,15
2023-10-24,98.30,1.70,0.00,0.00,0.00,0.00,2
2023-10-17,98.30,1.70,0.00,0.00,0.00,0.00,2
2023-10-10,98.30,1.70,0.00,0.00,0.00,0.00,2
2023-10-03,98.30,1.70,0.00,0.00,0.00,0.00,2
2023-09-26,98.30,1.70,0.00,0.00,0.00,0.00,2
2023-09-19,0.00,100.00,0.00,0.00,0.00,0.00,100
2023-09-12,46.94,53.06,0.00,0.00,0.00,0.00,53
2023-09-05,0.00,100.00,0.00,0.00,0.00,0.00,100
2023-08-29,100.00,0.00,0.00,0.00,0.00,0.00,0
2023-08-22,100.00,0.00,0.00,0.00,0.00,0.00,0
2023-08-15,100.00,0.00,0.00,0.00,0.00,0.00,0
2023-08-08,100.00,0.00,0.00,0.00,0.00,0.00,0
2023-08-01,100.00,0.00,0.00,0.00,0.00,0.00,0
2023-07-25,100.00,0.00,0.00,0.00,0.00,0.00,0
2023-07-18,91.00,9.00,0.00,0.00,0.00,0.00,9
2023-07-11,89.30,10.70,0.00,0.00,0.00,0.00,11
2023-07-04,51.69,48.31,0.00,0.00,0.00,0.00,48
2023-06-27,47.82,52.18,28.98,0.00,0.00,0.00,81
2023-06-20,0.00,100.00,39.14,0.00,0.00,0.00,139
2023-06-13,60.86,39.14,0.00,0.00,0.00,0.00,39
2023-06-06,60.46,39.54,0.00,0.00,0.00,0.00,40
2023-05-30,59.60,40.40,0.00,0.00,0.00,0.00,40
2023-05-23,8.93,91.07,0.00,0.00,0.00,0.00,91
2023-05-16,0.28,99.72,0.00,0.00,0.00,0.00,100
2023-05-09,0.28,99.72,0.00,0.00,0.00,0.00,100
2023-05-02,0.28,99.72,0.00,0.00,0.00,0.00,100
2023-04-25,0.00,100.00,100.00,0.00,0.00,0.00,200
2023-04-18,0.00,100.00,100.00,0.00,0.00,0.00,200
2023-04-11,0.00,100.00,100.00,0.00,0.00,0.00,200
2023-04-04,0.00,100.00,94.85,0.00,0.00,0.00,195
2023-03-28,0.00,100.00,94.85,0.00,0.00,0.00,195
2023-03-21,5.15,94.85,0.00,0.00,0.00,0.00,95
2023-03-14,91.98,8.02,0.00,0.00,0.00,0.00,8
2023-03-07,91.98,8.02,0.00,0.00,0.00,0.00,8
2023-02-28,91.98,8.02,0.00,0.00,0.00,0.00,8
2023-02-21,91.98,8.02,0.00,0.00,0.00,0.00,8
2023-02-14,91.98,8.02,0.00,0.00,0.00,0.00,8
2023-02-07,91.98,8.02,0.00,0.00,0.00,0.00,8
2023-01-31,91.98,8.02,0.00,0.00,0.00,0.00,8
2023-01-24,91.98,8.02,0.00,0.00,0.00,0.00,8
2023-01-17,91.98,8.02,0.00,0.00,0.00,0.00,8
2023-01-10,91.98,8.02,0.00,0.00,0.00,0.00,8
2023-01-03,91.98,8.02,0.00,0.00,0.00,0.00,8
2022-12-27,91.98,8.02,0.00,0.00,0.00,0.00,8
2022-12-20,91.98,8.02,0.00,0.00,0.00,0.00,8
2022-12-13,6.25,93.75,0.00,0.00,0.00,0.00,94
2022-12-06,6.25,93.75,0.00,0.00,0.00,0.00,94
2022-11-29,6.25,93.75,0.00,0.00,0.00,0.00,94
2022-11-22,6.25,93.75,0.00,0.00,0.00,0.00,94
2022-11-15,6.25,93.75,0.00,0.00,0.00,0.00,94
2022-11-08,6.25,93.75,0.00,0.00,0.00,0.00,94
2022-11-01,6.25,93.75,0.00,0.00,0.00,0.00,94
2022-10-25,5.51,94.49,0.00,0.00,0.00,0.00,94
2022-10-18,5.51,94.49,0.00,0.00,0.00,0.00,94
2022-10-11,5.51,94.49,0.00,0.00,0.00,0.00,94
2022-10-04,5.51,94.49,0.00,0.00,0.00,0.00,94
2022-09-27,0.00,100.00,100.00,0.00,0.00,0.00,200
2022-09-20,0.00,100.00,0.00,0.00,0.00,0.00,100
2022-09-13,0.00,100.00,0.00,0.00,0.00,0.00,100
2022-09-06,0.00,100.00,0.00,0.00,0.00,0.00,100
2022-08-30,100.00,0.00,0.00,0.00,0.00,0.00,0
2022-08-23,100.00,0.00,0.00,0.00,0.00,0.00,0
2022-08-16,100.00,0.00,0.00,0.00,0.00,0.00,0
2022-08-09,100.00,0.00,0.00,0.00,0.00,0.00,0
2022-08-02,100.00,0.00,0.00,0.00,0.00,0.00,0
2022-07-26,100.00,0.00,0.00,0.00,0.00,0.00,0
2022-07-19,100.00,0.00,0.00,0.00,0.00,0.00,0
2022-07-12,100.00,0.00,0.00,0.00,0.00,0.00,0
2022-07-05,100.00,0.00,0.00,0.00,0.00,0.00,0
2022-06-28,100.00,0.00,0.00,0.00,0.00,0.00,0
2022-06-21,6.90,93.10,0.00,0.00,0.00,0.00,93
2022-06-14,10.01,89.99,0.00,0.00,0.00,0.00,90
2022-06-07,10.01,89.99,0.00,0.00,0.00,0.00,90
2022-05-31,10.01,89.99,0.00,0.00,0.00,0.00,90
2022-05-24,7.84,92.16,0.00,0.00,0.00,0.00,92
2022-05-17,7.84,92.16,0.00,0.00,0.00,0.00,92
2022-05-10,5.18,94.82,0.00,0.00,0.00,0.00,95
2022-05-03,5.18,94.82,0.00,0.00,0.00,0.00,95
2022-04-26,5.18,94.82,0.00,0.00,0.00,0.00,95
2022-04-19,5.18,94.82,0.00,0.00,0.00,0.00,95
2022-04-12,5.18,94.82,0.00,0.00,0.00,0.00,95
2022-04-05,4.87,95.13,0.00,0.00,0.00,0.00,95
2022-03-29,34.83,65.17,0.00,0.00,0.00,0.00,65
2022-03-22,34.83,65.17,0.00,0.00,0.00,0.00,65
2022-03-15,34.83,65.17,0.00,0.00,0.00,0.00,65
2022-03-08,0.00,100.00,0.00,0.00,0.00,0.00,100
2022-03-01,100.00,0.00,0.00,0.00,0.00,0.00,0
2022-02-22,100.00,0.00,0.00,0.00,0.00,0.00,0
2022-02-15,100.00,0.00,0.00,0.00,0.00,0.00,0
2022-02-08,100.00,0.00,0.00,0.00,0.00,0.00,0
2022-02-01,100.00,0.00,0.00,0.00,0.00,0.00,0
2022-01-25,100.00,0.00,0.00,0.00,0.00,0.00,0
2022-01-18,100.00,0.00,0.00,0.00,0.00,0.00,0
2022-01-11,100.00,0.00,0.00,0.00,0.00,0.00,0
2022-01-04,0.00,100.00,0.00,0.00,0.00,0.00,100
2021-12-28,0.00,100.00,12.72,0.00,0.00,0.00,113
2021-12-21,0.00,100.00,12.72,0.00,0.00,0.00,113
2021-12-14,0.00,100.00,0.00,0.00,0.00,0.00,100
2021-12-07,0.00,100.00,0.00,0.00,0.00,0.00,100
2021-11-30,66.82,33.18,0.00,0.00,0.00,0.00,33
2021-11-23,66.82,33.18,0.00,0.00,0.00,0.00,33
2021-11-16,100.00,0.00,0.00,0.00,0.00,0.00,0
2021-11-09,100.00,0.00,0.00,0.00,0.00,0.00,0
2021-11-02,100.00,0.00,0.00,0.00,0.00,0.00,0
2021-10-26,100.00,0.00,0.00,0.00,0.00,0.00,0
2021-10-19,100.00,0.00,0.00,0.00,0.00,0.00,0
2021-10-12,100.00,0.00,0.00,0.00,0.00,0.00,0
2021-10-05,100.00,0.00,0.00,0.00,0.00,0.00,0
2021-09-28,100.00,0.00,0.00,0.00,0.00,0.00,0
2021-09-21,100.00,0.00,0.00,0.00,0.00,0.00,0
2021-09-14,100.00,0.00,0.00,0.00,0.00,0.00,0
2021-09-07,100.00,0.00,0.00,0.00,0.00,0.00,0
2021-08-31,100.00,0.00,0.00,0.00,0.00,0.00,0
2021-08-24,100.00,0.00,0.00,0.00,0.00,0.00,0
2021-08-17,100.00,0.00,0.00,0.00,0.00,0.00,0
2021-08-10,100.00,0.00,0.00,0.00,0.00,0.00,0
2021-08-03,100.00,0.00,0.00,0.00,0.00,0.00,0
2021-07-27,100.00,0.00,0.00,0.00,0.00,0.00,0
2021-07-20,100.00,0.00,0.00,0.00,0.00,0.00,0
2021-07-13,100.00,0.00,0.00,0.00,0.00,0.00,0
2021-07-06,100.00,0.00,0.00,0.00,0.00,0.00,0
2021-06-29,100.00,0.00,0.00,0.00,0.00,0.00,0
2021-06-22,100.00,0.00,0.00,0.00,0.00,0.00,0
2021-06-15,100.00,0.00,0.00,0.00,0.00,0.00,0
2021-06-08,0.00,100.00,0.00,0.00,0.00,0.00,100
2021-06-01,0.00,100.00,0.00,0.00,0.00,0.00,100
2021-05-25,0.00,100.00,0.00,0.00,0.00,0.00,100
2021-05-18,88.48,11.52,0.00,0.00,0.00,0.00,12
2021-05-11,100.00,0.00,0.00,0.00,0.00,0.00,0
2021-05-04,100.00,0.00,0.00,0.00,0.00,0.00,0
2021-04-27,100.00,0.00,0.00,0.00,0.00,0.00,0
2021-04-20,100.00,0.00,0.00,0.00,0.00,0.00,0
2021-04-13,100.00,0.00,0.00,0.00,0.00,0.00,0
2021-04-06,100.00,0.00,0.00,0.00,0.00,0.00,0
2021-03-30,100.00,0.00,0.00,0.00,0.00,0.00,0
2021-03-23,100.00,0.00,0.00,0.00,0.00,0.00,0
2021-03-16,100.00,0.00,0.00,0.00,0.00,0.00,0
2021-03-09,100.00,0.00,0.00,0.00,0.00,0.00,0
2021-03-02,100.00,0.00,0.00,0.00,0.00,0.00,0
2021-02-23,100.00,0.00,0.00,0.00,0.00,0.00,0
2021-02-16,100.00,0.00,0.00,0.00,0.00,0.00,0
2021-02-09,100.00,0.00,0.00,0.00,0.00,0.00,0
2021-02-02,100.00,0.00,0.00,0.00,0.00,0.00,0
2021-01-26,100.00,0.00,0.00,0.00,0.00,0.00,0
2021-01-19,100.00,0.00,0.00,0.00,0.00,0.00,0
2021-01-12,100.00,0.00,0.00,0.00,0.00,0.00,0
2021-01-05,100.00,0.00,0.00,0.00,0.00,0.00,0
2020-12-29,100.00,0.00,0.00,0.00,0.00,0.00,0
2020-12-22,100.00,0.00,0.00,0.00,0.00,0.00,0
2020-12-15,100.00,0.00,0.00,0.00,0.00,0.00,0
2020-12-08,100.00,0.00,0.00,0.00,0.00,0.00,0
2020-12-01,100.00,0.00,0.00,0.00,0.00,0.00,0
2020-11-24,100.00,0.00,0.00,0.00,0.00,0.00,0
2020-11-17,100.00,0.00,0.00,0.00,0.00,0.00,0
2020-11-10,100.00,0.00,0.00,0.00,0.00,0.00,0
2020-11-03,100.00,0.00,0.00,0.00,0.00,0.00,0
2020-10-27,100.00,0.00,0.00,0.00,0.00,0.00,0
2020-10-20,100.00,0.00,0.00,0.00,0.00,0.00,0
2020-10-13,100.00,0.00,0.00,0.00,0.00,0.00,0
2020-10-06,100.00,0.00,0.00,0.00,0.00,0.00,0
2020-09-29,100.00,0.00,0.00,0.00,0.00,0.00,0
2020-09-22,100.00,0.00,0.00,0.00,0.00,0.00,0
2020-09-15,100.00,0.00,0.00,0.00,0.00,0.00,0
2020-09-08,100.00,0.00,0.00,0.00,0.00,0.00,0
2020-09-01,100.00,0.00,0.00,0.00,0.00,0.00,0
2020-08-25,100.00,0.00,0.00,0.00,0.00,0.00,0
2020-08-18,100.00,0.00,0.00,0.00,0.00,0.00,0
2020-08-11,100.00,0.00,0.00,0.00,0.00,0.00,0
2020-08-04,100.00,0.00,0.00,0.00,0.00,0.00,0
2020-07-28,76.60,23.40,0.00,0.00,0.00,0.00,23
2020-07-21,76.60,23.40,0.00,0.00,0.00,0.00,23
2020-07-14,100.00,0.00,0.00,0.00,0.00,0.00,0
2020-07-07,100.00,0.00,0.00,0.00,0.00,0.00,0
2020-06-30,100.00,0.00,0.00,0.00,0.00,0.00,0
2020-06-23,100.00,0.00,0.00,0.00,0.00,0.00,0
2020-06-16,100.00,0.00,0.00,0.00,0.00,0.00,0
2020-06-09,100.00,0.00,0.00,0.00,0.00,0.00,0
2020-06-02,100.00,0.00,0.00,0.00,0.00,0.00,0
2020-05-26,100.00,0.00,0.00,0.00,0.00,0.00,0
2020-05-19,100.00,0.00,0.00,0.00,0.00,0.00,0
2020-05-12,100.00,0.00,0.00,0.00,0.00,0.00,0
2020-05-05,100.00,0.00,0.00,0.00,0.00,0.00,0
2020-04-28,100.00,0.00,0.00,0.00,0.00,0.00,0
2020-04-21,100.00,0.00,0.00,0.00,0.00,0.00,0
2020-04-14,100.00,0.00,0.00,0.00,0.00,0.00,0
2020-04-07,100.00,0.00,0.00,0.00,0.00,0.00,0
2020-03-31,100.00,0.00,0.00,0.00,0.00,0.00,0
2020-03-24,100.00,0.00,0.00,0.00,0.00,0.00,0
2020-03-17,100.00,0.00,0.00,0.00,0.00,0.00,0
2020-03-10,100.00,0.00,0.00,0.00,0.00,0.00,0
2020-03-03,100.00,0.00,0.00,0.00,0.00,0.00,0
2020-02-25,100.00,0.00,0.00,0.00,0.00,0.00,0
2020-02-18,100.00,0.00,0.00,0.00,0.00,0.00,0
2020-02-11,100.00,0.00,0.00,0.00,0.00,0.00,0
2020-02-04,100.00,0.00,0.00,0.00,0.00,0.00,0
2020-01-28,100.00,0.00,0.00,0.00,0.00,0.00,0
2020-01-21,100.00,0.00,0.00,0.00,0.00,0.00,0
2020-01-14,100.00,0.00,0.00,0.00,0.00,0.00,0
2020-01-07,100.00,0.00,0.00,0.00,0.00,0.00,0
2019-12-31,100.00,0.00,0.00,0.00,0.00,0.00,0
2019-12-24,100.00,0.00,0.00,0.00,0.00,0.00,0
2019-12-17,100.00,0.00,0.00,0.00,0.00,0.00,0
2019-12-10,100.00,0.00,0.00,0.00,0.00,0.00,0
2019-12-03,100.00,0.00,0.00,0.00,0.00,0.00,0
2019-11-26,0.74,99.26,0.00,0.00,0.00,0.00,99
2019-11-19,0.74,99.26,0.00,0.00,0.00,0.00,99
2019-11-12,0.00,100.00,0.00,0.00,0.00,0.00,100
2019-11-05,0.00,100.00,0.00,0.00,0.00,0.00,100
2019-10-29,0.00,100.00,0.00,0.00,0.00,0.00,100
2019-10-22,0.00,100.00,0.00,0.00,0.00,0.00,100
2019-10-15,0.00,100.00,43.46,0.00,0.00,0.00,143
2019-10-08,0.00,100.00,29.46,0.00,0.00,0.00,129
2019-10-01,70.79,29.21,1.68,0.00,0.00,0.00,31
2019-09-24,70.45,29.55,1.68,0.00,0.00,0.00,31
2019-09-17,94.34,5.66,0.00,0.00,0.00,0.00,6
2019-09-10,100.00,0.00,0.00,0.00,0.00,0.00,0
2019-09-03,100.00,0.00,0.00,0.00,0.00,0.00,0
2019-08-27,100.00,0.00,0.00,0.00,0.00,0.00,0
2019-08-20,100.00,0.00,0.00,0.00,0.00,0.00,0
2019-08-13,100.00,0.00,0.00,0.00,0.00,0.00,0
2019-08-06,100.00,0.00,0.00,0.00,0.00,0.00,0
2019-07-30,100.00,0.00,0.00,0.00,0.00,0.00,0
2019-07-23,100.00,0.00,0.00,0.00,0.00,0.00,0
2019-07-16,100.00,0.00,0.00,0.00,0.00,0.00,0
2019-07-09,100.00,0.00,0.00,0.00,0.00,0.00,0
2019-07-02,100.00,0.00,0.00,0.00,0.00,0.00,0
2019-06-25,100.00,0.00,0.00,0.00,0.00,0.00,0
2019-06-18,100.00,0.00,0.00,0.00,0.00,0.00,0
2019-06-11,100.00,0.00,0.00,0.00,0.00,0.00,0
2019-06-04,100.00,0.00,0.00,0.00,0.00,0.00,0
2019-05-28,100.00,0.00,0.00,0.00,0.00,0.00,0
2019-05-21,100.00,0.00,0.00,0.00,0.00,0.00,0
2019-05-14,100.00,0.00,0.00,0.00,0.00,0.00,0
2019-05-07,100.00,0.00,0.00,0.00,0.00,0.00,0
2019-04-30,100.00,0.00,0.00,0.00,0.00,0.00,0
2019-04-23,100.00,0.00,0.00,0.00,0.00,0.00,0
2019-04-16,100.00,0.00,0.00,0.00,0.00,0.00,0
2019-04-09,100.00,0.00,0.00,0.00,0.00,0.00,0
2019-04-02,100.00,0.00,0.00,0.00,0.00,0.00,0
2019-03-26,100.00,0.00,0.00,0.00,0.00,0.00,0
2019-03-19,100.00,0.00,0.00,0.00,0.00,0.00,0
2019-03-12,100.00,0.00,0.00,0.00,0.00,0.00,0
2019-03-05,100.00,0.00,0.00,0.00,0.00,0.00,0
2019-02-26,100.00,0.00,0.00,0.00,0.00,0.00,0
2019-02-19,100.00,0.00,0.00,0.00,0.00,0.00,0
2019-02-12,100.00,0.00,0.00,0.00,0.00,0.00,0
2019-02-05,100.00,0.00,0.00,0.00,0.00,0.00,0
2019-01-29,100.00,0.00,0.00,0.00,0.00,0.00,0
2019-01-22,100.00,0.00,0.00,0.00,0.00,0.00,0
2019-01-15,100.00,0.00,0.00,0.00,0.00,0.00,0
2019-01-08,100.00,0.00,0.00,0.00,0.00,0.00,0
2019-01-01,100.00,0.00,0.00,0.00,0.00,0.00,0
2018-12-25,100.00,0.00,0.00,0.00,0.00,0.00,0
2018-12-18,100.00,0.00,0.00,0.00,0.00,0.00,0
2018-12-11,100.00,0.00,0.00,0.00,0.00,0.00,0
2018-12-04,100.00,0.00,0.00,0.00,0.00,0.00,0
2018-11-27,100.00,0.00,0.00,0.00,0.00,0.00,0
2018-11-20,100.00,0.00,0.00,0.00,0.00,0.00,0
2018-11-13,100.00,0.00,0.00,0.00,0.00,0.00,0
2018-11-06,100.00,0.00,0.00,0.00,0.00,0.00,0
2018-10-30,100.00,0.00,0.00,0.00,0.00,0.00,0
2018-10-23,100.00,0.00,0.00,0.00,0.00,0.00,0
2018-10-16,100.00,0.00,0.00,0.00,0.00,0.00,0
2018-10-09,100.00,0.00,0.00,0.00,0.00,0.00,0
2018-10-02,100.00,0.00,0.00,0.00,0.00,0.00,0
2018-09-25,100.00,0.00,0.00,0.00,0.00,0.00,0
2018-09-18,100.00,0.00,0.00,0.00,0.00,0.00,0
2018-09-11,100.00,0.00,0.00,0.00,0.00,0.00,0
2018-09-04,100.00,0.00,0.00,0.00,0.00,0.00,0
2018-08-28,100.00,0.00,0.00,0.00,0.00,0.00,0
2018-08-21,100.00,0.00,0.00,0.00,0.00,0.00,0
2018-08-14,100.00,0.00,0.00,0.00,0.00,0.00,0
2018-08-07,100.00,0.00,0.00,0.00,0.00,0.00,0
2018-07-31,100.00,0.00,0.00,0.00,0.00,0.00,0
2018-07-24,100.00,0.00,0.00,0.00,0.00,0.00,0
2018-07-17,100.00,0.00,0.00,0.00,0.00,0.00,0
2018-07-10,100.00,0.00,0.00,0.00,0.00,0.00,0
2018-07-03,100.00,0.00,0.00,0.00,0.00,0.00,0
2018-06-26,100.00,0.00,0.00,0.00,0.00,0.00,0
2018-06-19,100.00,0.00,0.00,0.00,0.00,0.00,0
2018-06-12,100.00,0.00,0.00,0.00,0.00,0.00,0
2018-06-05,100.00,0.00,0.00,0.00,0.00,0.00,0
2018-05-29,100.00,0.00,0.00,0.00,0.00,0.00,0
2018-05-22,100.00,0.00,0.00,0.00,0.00,0.00,0
2018-05-15,0.00,100.00,0.00,0.00,0.00,0.00,100
2018-05-08,0.00,100.00,0.00,0.00,0.00,0.00,100
2018-05-01,0.00,100.00,0.00,0.00,0.00,0.00,100
2018-04-24,0.00,100.00,0.00,0.00,0.00,0.00,100
2018-04-17,0.00,100.00,0.00,0.00,0.00,0.00,100
2018-04-10,0.00,100.00,0.00,0.00,0.00,0.00,100
2018-04-03,9.30,90.70,0.00,0.00,0.00,0.00,91
2018-03-27,9.30,90.70,0.00,0.00,0.00,0.00,91
2018-03-20,9.30,90.70,0.00,0.00,0.00,0.00,91
2018-03-13,9.30,90.70,0.00,0.00,0.00,0.00,91
2018-03-06,9.30,90.70,0.00,0.00,0.00,0.00,91
2018-02-27,9.30,90.70,0.00,0.00,0.00,0.00,91
2018-02-20,9.30,90.70,0.00,0.00,0.00,0.00,91
2018-02-13,9.30,90.70,0.00,0.00,0.00,0.00,91
2018-02-06,6.93,93.07,0.00,0.00,0.00,0.00,93
2018-01-30,0.00,100.00,0.00,0.00,0.00,0.00,100
2018-01-23,0.00,100.00,0.00,0.00,0.00,0.00,100
2018-01-16,0.00,100.00,0.00,0.00,0.00,0.00,100
2018-01-09,0.00,100.00,0.00,0.00,0.00,0.00,100
2018-01-02,0.00,100.00,0.00,0.00,0.00,0.00,100
2017-12-26,0.00,100.00,0.00,0.00,0.00,0.00,100
2017-12-19,0.00,100.00,0.00,0.00,0.00,0.00,100
2017-12-12,0.00,100.00,0.00,0.00,0.00,0.00,100
2017-12-05,0.00,100.00,0.00,0.00,0.00,0.00,100
2017-11-28,100.00,0.00,0.00,0.00,0.00,0.00,0
2017-11-21,100.00,0.00,0.00,0.00,0.00,0.00,0
2017-11-14,100.00,0.00,0.00,0.00,0.00,0.00,0
2017-11-07,100.00,0.00,0.00,0.00,0.00,0.00,0
2017-10-31,100.00,0.00,0.00,0.00,0.00,0.00,0
2017-10-24,100.00,0.00,0.00,0.00,0.00,0.00,0
2017-10-17,1.69,98.31,0.00,0.00,0.00,0.00,98
2017-10-10,1.69,98.31,0.00,0.00,0.00,0.00,98
2017-10-03,100.00,0.00,0.00,0.00,0.00,0.00,0
2017-09-26,100.00,0.00,0.00,0.00,0.00,0.00,0
2017-09-19,100.00,0.00,0.00,0.00,0.00,0.00,0
2017-09-12,100.00,0.00,0.00,0.00,0.00,0.00,0
2017-09-05,100.00,0.00,0.00,0.00,0.00,0.00,0
2017-08-29,12.98,87.02,0.00,0.00,0.00,0.00,87
2017-08-22,0.00,100.00,0.00,0.00,0.00,0.00,100
2017-08-15,0.00,100.00,0.00,0.00,0.00,0.00,100
2017-08-08,0.00,100.00,0.00,0.00,0.00,0.00,100
2017-08-01,0.00,100.00,0.00,0.00,0.00,0.00,100
2017-07-25,0.00,100.00,0.00,0.00,0.00,0.00,100
2017-07-18,100.00,0.00,0.00,0.00,0.00,0.00,0
2017-07-11,100.00,0.00,0.00,0.00,0.00,0.00,0
2017-07-04,100.00,0.00,0.00,0.00,0.00,0.00,0
2017-06-27,100.00,0.00,0.00,0.00,0.00,0.00,0
2017-06-20,100.00,0.00,0.00,0.00,0.00,0.00,0
2017-06-13,100.00,0.00,0.00,0.00,0.00,0.00,0
2017-06-06,100.00,0.00,0.00,0.00,0.00,0.00,0
2017-05-30,100.00,0.00,0.00,0.00,0.00,0.00,0
2017-05-23,100.00,0.00,0.00,0.00,0.00,0.00,0
2017-05-16,100.00,0.00,0.00,0.00,0.00,0.00,0
2017-05-09,100.00,0.00,0.00,0.00,0.00,0.00,0
2017-05-02,100.00,0.00,0.00,0.00,0.00,0.00,0
2017-04-25,100.00,0.00,0.00,0.00,0.00,0.00,0
2017-04-18,100.00,0.00,0.00,0.00,0.00,0.00,0
2017-04-11,100.00,0.00,0.00,0.00,0.00,0.00,0
2017-04-04,100.00,0.00,0.00,0.00,0.00,0.00,0
2017-03-28,100.00,0.00,0.00,0.00,0.00,0.00,0
2017-03-21,100.00,0.00,0.00,0.00,0.00,0.00,0
2017-03-14,100.00,0.00,0.00,0.00,0.00,0.00,0
2017-03-07,0.00,100.00,0.00,0.00,0.00,0.00,100
2017-02-28,0.00,100.00,0.00,0.00,0.00,0.00,100
2017-02-21,100.00,0.00,0.00,0.00,0.00,0.00,0
2017-02-14,100.00,0.00,0.00,0.00,0.00,0.00,0
2017-02-07,100.00,0.00,0.00,0.00,0.00,0.00,0
2017-01-31,100.00,0.00,0.00,0.00,0.00,0.00,0
2017-01-24,100.00,0.00,0.00,0.00,0.00,0.00,0
2017-01-17,100.00,0.00,0.00,0.00,0.00,0.00,0
2017-01-10,100.00,0.00,0.00,0.00,0.00,0.00,0
2017-01-03,100.00,0.00,0.00,0.00,0.00,0.00,0
2016-12-27,100.00,0.00,0.00,0.00,0.00,0.00,0
2016-12-20,100.00,0.00,0.00,0.00,0.00,0.00,0
2016-12-13,100.00,0.00,0.00,0.00,0.00,0.00,0
2016-12-06,100.00,0.00,0.00,0.00,0.00,0.00,0
2016-11-29,100.00,0.00,0.00,0.00,0.00,0.00,0
2016-11-22,100.00,0.00,0.00,0.00,0.00,0.00,0
2016-11-15,100.00,0.00,0.00,0.00,0.00,0.00,0
2016-11-08,100.00,0.00,0.00,0.00,0.00,0.00,0
2016-11-01,100.00,0.00,0.00,0.00,0.00,0.00,0
2016-10-25,100.00,0.00,0.00,0.00,0.00,0.00,0
2016-10-18,100.00,0.00,0.00,0.00,0.00,0.00,0
2016-10-11,100.00,0.00,0.00,0.00,0.00,0.00,0
2016-10-04,100.00,0.00,0.00,0.00,0.00,0.00,0
2016-09-27,3.09,96.91,0.00,0.00,0.00,0.00,97
2016-09-20,100.00,0.00,0.00,0.00,0.00,0.00,0
2016-09-13,76.55,23.45,0.00,0.00,0.00,0.00,23
2016-09-06,91.05,8.95,0.00,0.00,0.00,0.00,9
2016-08-30,100.00,0.00,0.00,0.00,0.00,0.00,0
2016-08-23,100.00,0.00,0.00,0.00,0.00,0.00,0
2016-08-16,100.00,0.00,0.00,0.00,0.00,0.00,0
2016-08-09,100.00,0.00,0.00,0.00,0.00,0.00,0
2016-08-02,100.00,0.00,0.00,0.00,0.00,0.00,0
2016-07-26,100.00,0.00,0.00,0.00,0.00,0.00,0
2016-07-19,100.00,0.00,0.00,0.00,0.00,0.00,0
2016-07-12,100.00,0.00,0.00,0.00,0.00,0.00,0
2016-07-05,100.00,0.00,0.00,0.00,0.00,0.00,0
2016-06-28,100.00,0.00,0.00,0.00,0.00,0.00,0
2016-06-21,100.00,0.00,0.00,0.00,0.00,0.00,0
2016-06-14,100.00,0.00,0.00,0.00,0.00,0.00,0
2016-06-07,100.00,0.00,0.00,0.00,0.00,0.00,0
2016-05-31,100.00,0.00,0.00,0.00,0.00,0.00,0
2016-05-24,100.00,0.00,0.00,0.00,0.00,0.00,0
2016-05-17,100.00,0.00,0.00,0.00,0.00,0.00,0
2016-05-10,100.00,0.00,0.00,0.00,0.00,0.00,0
2016-05-03,57.14,42.86,0.00,0.00,0.00,0.00,43
2016-04-26,0.00,100.00,0.00,0.00,0.00,0.00,100
2016-04-19,0.00,100.00,0.00,0.00,0.00,0.00,100
2016-04-12,100.00,0.00,0.00,0.00,0.00,0.00,0
2016-04-05,100.00,0.00,0.00,0.00,0.00,0.00,0
2016-03-29,100.00,0.00,0.00,0.00,0.00,0.00,0
2016-03-22,100.00,0.00,0.00,0.00,0.00,0.00,0
2016-03-15,100.00,0.00,0.00,0.00,0.00,0.00,0
2016-03-08,100.00,0.00,0.00,0.00,0.00,0.00,0
2016-03-01,100.00,0.00,0.00,0.00,0.00,0.00,0
2016-02-23,100.00,0.00,0.00,0.00,0.00,0.00,0
2016-02-16,100.00,0.00,0.00,0.00,0.00,0.00,0
2016-02-09,100.00,0.00,0.00,0.00,0.00,0.00,0
2016-02-02,100.00,0.00,0.00,0.00,0.00,0.00,0
2016-01-26,100.00,0.00,0.00,0.00,0.00,0.00,0
2016-01-19,100.00,0.00,0.00,0.00,0.00,0.00,0
2016-01-12,100.00,0.00,0.00,0.00,0.00,0.00,0
2016-01-05,100.00,0.00,0.00,0.00,0.00,0.00,0
2015-12-29,100.00,0.00,0.00,0.00,0.00,0.00,0
2015-12-22,100.00,0.00,0.00,0.00,0.00,0.00,0
2015-12-15,100.00,0.00,0.00,0.00,0.00,0.00,0
2015-12-08,100.00,0.00,0.00,0.00,0.00,0.00,0
2015-12-01,100.00,0.00,0.00,0.00,0.00,0.00,0
2015-11-24,100.00,0.00,0.00,0.00,0.00,0.00,0
2015-11-17,100.00,0.00,0.00,0.00,0.00,0.00,0
2015-11-10,100.00,0.00,0.00,0.00,0.00,0.00,0
2015-11-03,100.00,0.00,0.00,0.00,0.00,0.00,0
2015-10-27,100.00,0.00,0.00,0.00,0.00,0.00,0
2015-10-20,100.00,0.00,0.00,0.00,0.00,0.00,0
2015-10-13,100.00,0.00,0.00,0.00,0.00,0.00,0
2015-10-06,100.00,0.00,0.00,0.00,0.00,0.00,0
2015-09-29,0.00,100.00,0.00,0.00,0.00,0.00,100
2015-09-22,0.00,100.00,0.00,0.00,0.00,0.00,100
2015-09-15,0.00,100.00,0.00,0.00,0.00,0.00,100
2015-09-08,0.00,100.00,0.00,0.00,0.00,0.00,100
2015-09-01,100.00,0.00,0.00,0.00,0.00,0.00,0
2015-08-25,100.00,0.00,0.00,0.00,0.00,0.00,0
2015-08-18,100.00,0.00,0.00,0.00,0.00,0.00,0
2015-08-11,100.00,0.00,0.00,0.00,0.00,0.00,0
2015-08-04,100.00,0.00,0.00,0.00,0.00,0.00,0
2015-07-28,100.00,0.00,0.00,0.00,0.00,0.00,0
2015-07-21,100.00,0.00,0.00,0.00,0.00,0.00,0
2015-07-14,100.00,0.00,0.00,0.00,0.00,0.00,0
2015-07-07,100.00,0.00,0.00,0.00,0.00,0.00,0
2015-06-30,100.00,0.00,0.00,0.00,0.00,0.00,0
2015-06-23,100.00,0.00,0.00,0.00,0.00,0.00,0
2015-06-16,100.00,0.00,0.00,0.00,0.00,0.00,0
2015-06-09,100.00,0.00,0.00,0.00,0.00,0.00,0
2015-06-02,100.00,0.00,0.00,0.00,0.00,0.00,0
2015-05-26,100.00,0.00,0.00,0.00,0.00,0.00,0
2015-05-19,100.00,0.00,0.00,0.00,0.00,0.00,0
2015-05-12,100.00,0.00,0.00,0.00,0.00,0.00,0
2015-05-05,100.00,0.00,0.00,0.00,0.00,0.00,0
2015-04-28,100.00,0.00,0.00,0.00,0.00,0.00,0
2015-04-21,100.00,0.00,0.00,0.00,0.00,0.00,0
2015-04-14,100.00,0.00,0.00,0.00,0.00,0.00,0
2015-04-07,100.00,0.00,0.00,0.00,0.00,0.00,0
2015-03-31,100.00,0.00,0.00,0.00,0.00,0.00,0
2015-03-24,100.00,0.00,0.00,0.00,0.00,0.00,0
2015-03-17,100.00,0.00,0.00,0.00,0.00,0.00,0
2015-03-10,100.00,0.00,0.00,0.00,0.00,0.00,0
2015-03-03,100.00,0.00,0.00,0.00,0.00,0.00,0
2015-02-24,100.00,0.00,0.00,0.00,0.00,0.00,0
2015-02-17,100.00,0.00,0.00,0.00,0.00,0.00,0
2015-02-10,100.00,0.00,0.00,0.00,0.00,0.00,0
2015-02-03,100.00,0.00,0.00,0.00,0.00,0.00,0
2015-01-27,100.00,0.00,0.00,0.00,0.00,0.00,0
2015-01-20,52.47,47.53,0.00,0.00,0.00,0.00,48
2015-01-13,52.47,47.53,0.00,0.00,0.00,0.00,48
2015-01-06,84.36,15.64,0.00,0.00,0.00,0.00,16
2014-12-30,84.36,15.64,0.00,0.00,0.00,0.00,16
2014-12-23,1.63,98.37,0.00,0.00,0.00,0.00,98
2014-12-16,1.63,98.37,0.00,0.00,0.00,0.00,98
2014-12-09,1.63,98.37,0.00,0.00,0.00,0.00,98
2014-12-02,1.63,98.37,0.00,0.00,0.00,0.00,98
2014-11-25,15.75,84.25,0.00,0.00,0.00,0.00,84
2014-11-18,15.75,84.25,0.00,0.00,0.00,0.00,84
2014-11-11,15.75,84.25,0.00,0.00,0.00,0.00,84
2014-11-04,15.75,84.25,0.00,0.00,0.00,0.00,84
2014-10-28,23.62,76.38,0.00,0.00,0.00,0.00,76
2014-10-21,23.62,76.38,0.00,0.00,0.00,0.00,76
2014-10-14,23.62,76.38,0.00,0.00,0.00,0.00,76
2014-10-07,23.62,76.38,0.00,0.00,0.00,0.00,76
2014-09-30,23.62,76.38,0.00,0.00,0.00,0.00,76
2014-09-23,30.44,69.56,0.00,0.00,0.00,0.00,70
2014-09-16,56.51,43.49,0.00,0.00,0.00,0.00,43
2014-09-09,53.29,46.71,0.00,0.00,0.00,0.00,47
2014-09-02,53.29,46.71,0.00,0.00,0.00,0.00,47
2014-08-26,100.00,0.00,0.00,0.00,0.00,0.00,0
2014-08-19,100.00,0.00,0.00,0.00,0.00,0.00,0
2014-08-12,100.00,0.00,0.00,0.00,0.00,0.00,0
2014-08-05,100.00,0.00,0.00,0.00,0.00,0.00,0
2014-07-29,100.00,0.00,0.00,0.00,0.00,0.00,0
2014-07-22,100.00,0.00,0.00,0.00,0.00,0.00,0
2014-07-15,100.00,0.00,0.00,0.00,0.00,0.00,0
2014-07-08,100.00,0.00,0.00,0.00,0.00,0.00,0
2014-07-01,100.00,0.00,0.00,0.00,0.00,0.00,0
2014-06-24,100.00,0.00,0.00,0.00,0.00,0.00,0
2014-06-17,100.00,0.00,0.00,0.00,0.00,0.00,0
2014-06-10,100.00,0.00,0.00,0.00,0.00,0.00,0
2014-06-03,100.00,0.00,0.00,0.00,0.00,0.00,0
2014-05-27,100.00,0.00,0.00,0.00,0.00,0.00,0
2014-05-20,100.00,0.00,0.00,0.00,0.00,0.00,0
2014-05-13,100.00,0.00,0.00,0.00,0.00,0.00,0
2014-05-06,100.00,0.00,0.00,0.00,0.00,0.00,0
2014-04-29,100.00,0.00,0.00,0.00,0.00,0.00,0
2014-04-22,100.00,0.00,0.00,0.00,0.00,0.00,0
2014-04-15,100.00,0.00,0.00,0.00,0.00,0.00,0
2014-04-08,100.00,0.00,0.00,0.00,0.00,0.00,0
2014-04-01,100.00,0.00,0.00,0.00,0.00,0.00,0
2014-03-25,100.00,0.00,0.00,0.00,0.00,0.00,0
2014-03-18,100.00,0.00,0.00,0.00,0.00,0.00,0
2014-03-11,100.00,0.00,0.00,0.00,0.00,0.00,0
2014-03-04,100.00,0.00,0.00,0.00,0.00,0.00,0
2014-02-25,100.00,0.00,0.00,0.00,0.00,0.00,0
2014-02-18,100.00,0.00,0.00,0.00,0.00,0.00,0
2014-02-11,100.00,0.00,0.00,0.00,0.00,0.00,0
2014-02-04,100.00,0.00,0.00,0.00,0.00,0.00,0
2014-01-28,100.00,0.00,0.00,0.00,0.00,0.00,0
2014-01-21,100.00,0.00,0.00,0.00,0.00,0.00,0
2014-01-14,100.00,0.00,0.00,0.00,0.00,0.00,0
2014-01-07,100.00,0.00,0.00,0.00,0.00,0.00,0
2013-12-31,100.00,0.00,0.00,0.00,0.00,0.00,0
2013-12-24,100.00,0.00,0.00,0.00,0.00,0.00,0
2013-12-17,100.00,0.00,0.00,0.00,0.00,0.00,0
2013-12-10,100.00,0.00,0.00,0.00,0.00,0.00,0
2013-12-03,100.00,0.00,0.00,0.00,0.00,0.00,0
2013-11-26,0.00,100.00,0.00,0.00,0.00,0.00,100
2013-11-19,0.00,100.00,0.00,0.00,0.00,0.00,100
2013-11-12,0.00,100.00,0.00,0.00,0.00,0.00,100
2013-11-05,100.00,0.00,0.00,0.00,0.00,0.00,0
2013-10-29,100.00,0.00,0.00,0.00,0.00,0.00,0
2013-10-22,100.00,0.00,0.00,0.00,0.00,0.00,0
2013-10-15,100.00,0.00,0.00,0.00,0.00,0.00,0
2013-10-08,83.51,16.49,0.00,0.00,0.00,0.00,16
2013-10-01,83.51,16.49,0.00,0.00,0.00,0.00,16
2013-09-24,100.00,0.00,0.00,0.00,0.00,0.00,0
2013-09-17,100.00,0.00,0.00,0.00,0.00,0.00,0
2013-09-10,100.00,0.00,0.00,0.00,0.00,0.00,0
2013-09-03,100.00,0.00,0.00,0.00,0.00,0.00,0
2013-08-27,100.00,0.00,0.00,0.00,0.00,0.00,0
2013-08-20,100.00,0.00,0.00,0.00,0.00,0.00,0
2013-08-13,100.00,0.00,0.00,0.00,0.00,0.00,0
2013-08-06,100.00,0.00,0.00,0.00,0.00,0.00,0
2013-07-30,100.00,0.00,0.00,0.00,0.00,0.00,0
2013-07-23,100.00,0.00,0.00,0.00,0.00,0.00,0
2013-07-16,100.00,0.00,0.00,0.00,0.00,0.00,0
2013-07-09,100.00,0.00,0.00,0.00,0.00,0.00,0
2013-07-02,100.00,0.00,0.00,0.00,0.00,0.00,0
2013-06-25,100.00,0.00,0.00,0.00,0.00,0.00,0
2013-06-18,100.00,0.00,0.00,0.00,0.00,0.00,0
2013-06-11,100.00,0.00,0.00,0.00,0.00,0.00,0
2013-06-04,100.00,0.00,0.00,0.00,0.00,0.00,0
2013-05-28,100.00,0.00,0.00,0.00,0.00,0.00,0
2013-05-21,100.00,0.00,0.00,0.00,0.00,0.00,0
2013-05-14,100.00,0.00,0.00,0.00,0.00,0.00,0
2013-05-07,100.00,0.00,0.00,0.00,0.00,0.00,0
2013-04-30,100.00,0.00,0.00,0.00,0.00,0.00,0
2013-04-23,100.00,0.00,0.00,0.00,0.00,0.00,0
2013-04-16,100.00,0.00,0.00,0.00,0.00,0.00,0
2013-04-09,100.00,0.00,0.00,0.00,0.00,0.00,0
2013-04-02,100.00,0.00,0.00,0.00,0.00,0.00,0
2013-03-26,100.00,0.00,0.00,0.00,0.00,0.00,0
2013-03-19,100.00,0.00,0.00,0.00,0.00,0.00,0
2013-03-12,100.00,0.00,0.00,0.00,0.00,0.00,0
2013-03-05,100.00,0.00,0.00,0.00,0.00,0.00,0
2013-02-26,100.00,0.00,0.00,0.00,0.00,0.00,0
2013-02-19,100.00,0.00,0.00,0.00,0.00,0.00,0
2013-02-12,100.00,0.00,0.00,0.00,0.00,0.00,0
2013-02-05,100.00,0.00,0.00,0.00,0.00,0.00,0
2013-01-29,100.00,0.00,0.00,0.00,0.00,0.00,0
2013-01-22,100.00,0.00,0.00,0.00,0.00,0.00,0
2013-01-15,51.86,48.14,0.00,0.00,0.00,0.00,48
2013-01-08,51.86,48.14,0.00,0.00,0.00,0.00,48
2013-01-01,55.62,44.38,0.00,0.00,0.00,0.00,44
2012-12-25,55.62,44.38,0.00,0.00,0.00,0.00,44
2012-12-18,55.62,44.38,0.00,0.00,0.00,0.00,44
2012-12-11,55.62,44.38,0.00,0.00,0.00,0.00,44
2012-12-04,57.73,42.27,0.00,0.00,0.00,0.00,42
2012-11-27,57.73,42.27,0.00,0.00,0.00,0.00,42
2012-11-20,100.00,0.00,0.00,0.00,0.00,0.00,0
2012-11-13,100.00,0.00,0.00,0.00,0.00,0.00,0
2012-11-06,100.00,0.00,0.00,0.00,0.00,0.00,0
2012-10-30,100.00,0.00,0.00,0.00,0.00,0.00,0
2012-10-23,3.92,96.08,0.00,0.00,0.00,0.00,96
2012-10-16,3.92,96.08,0.00,0.00,0.00,0.00,96
2012-10-09,3.92,96.08,0.00,0.00,0.00,0.00,96
2012-10-02,3.57,96.43,0.00,0.00,0.00,0.00,96
2012-09-25,3.57,96.43,0.00,0.00,0.00,0.00,96
2012-09-18,0.00,100.00,0.00,0.00,0.00,0.00,100
2012-09-11,0.00,100.00,0.00,0.00,0.00,0.00,100
2012-09-04,0.00,100.00,0.00,0.00,0.00,0.00,100
2012-08-28,0.00,100.00,0.00,0.00,0.00,0.00,100
2012-08-21,0.00,100.00,0.00,0.00,0.00,0.00,100
2012-08-14,0.00,100.00,0.00,0.00,0.00,0.00,100
2012-08-07,0.00,100.00,0.00,0.00,0.00,0.00,100
2012-07-31,0.00,100.00,0.00,0.00,0.00,0.00,100
2012-07-24,0.00,100.00,0.00,0.00,0.00,0.00,100
2012-07-17,0.00,100.00,0.00,0.00,0.00,0.00,100
2012-07-10,0.00,100.00,0.00,0.00,0.00,0.00,100
2012-07-03,0.00,100.00,0.00,0.00,0.00,0.00,100
2012-06-26,100.00,0.00,0.00,0.00,0.00,0.00,0
2012-06-19,100.00,0.00,0.00,0.00,0.00,0.00,0
2012-06-12,100.00,0.00,0.00,0.00,0.00,0.00,0
2012-06-05,100.00,0.00,0.00,0.00,0.00,0.00,0
2012-05-29,100.00,0.00,0.00,0.00,0.00,0.00,0
2012-05-22,100.00,0.00,0.00,0.00,0.00,0.00,0
2012-05-15,0.00,100.00,0.00,0.00,0.00,0.00,100
2012-05-08,0.00,100.00,0.00,0.00,0.00,0.00,100
2012-05-01,0.00,100.00,0.00,0.00,0.00,0.00,100
2012-04-24,0.00,100.00,0.00,0.00,0.00,0.00,100
2012-04-17,0.00,100.00,0.00,0.00,0.00,0.00,100
2012-04-10,0.00,100.00,0.00,0.00,0.00,0.00,100
2012-04-03,100.00,0.00,0.00,0.00,0.00,0.00,0
2012-03-27,100.00,0.00,0.00,0.00,0.00,0.00,0
2012-03-20,100.00,0.00,0.00,0.00,0.00,0.00,0
2012-03-13,100.00,0.00,0.00,0.00,0.00,0.00,0
2012-03-06,100.00,0.00,0.00,0.00,0.00,0.00,0
2012-02-28,52.80,47.20,0.00,0.00,0.00,0.00,47
2012-02-21,52.80,47.20,0.00,0.00,0.00,0.00,47
2012-02-14,52.80,47.20,0.00,0.00,0.00,0.00,47
2012-02-07,52.80,47.20,0.00,0.00,0.00,0.00,47
2012-01-31,52.80,47.20,0.00,0.00,0.00,0.00,47
2012-01-24,52.92,47.08,0.00,0.00,0.00,0.00,47
2012-01-17,52.92,47.08,0.00,0.00,0.00,0.00,47
2012-01-10,52.92,47.08,0.00,0.00,0.00,0.00,47
2012-01-03,100.00,0.00,0.00,0.00,0.00,0.00,0
2011-12-27,100.00,0.00,0.00,0.00,0.00,0.00,0
2011-12-20,100.00,0.00,0.00,0.00,0.00,0.00,0
2011-12-13,100.00,0.00,0.00,0.00,0.00,0.00,0
2011-12-06,100.00,0.00,0.00,0.00,0.00,0.00,0
2011-11-29,100.00,0.00,0.00,0.00,0.00,0.00,0
2011-11-22,100.00,0.00,0.00,0.00,0.00,0.00,0
2011-11-15,100.00,0.00,0.00,0.00,0.00,0.00,0
2011-11-08,100.00,0.00,0.00,0.00,0.00,0.00,0
2011-11-01,100.00,0.00,0.00,0.00,0.00,0.00,0
2011-10-25,100.00,0.00,0.00,0.00,0.00,0.00,0
2011-10-18,100.00,0.00,0.00,0.00,0.00,0.00,0
2011-10-11,100.00,0.00,0.00,0.00,0.00,0.00,0
2011-10-04,100.00,0.00,0.00,0.00,0.00,0.00,0
2011-09-27,100.00,0.00,0.00,0.00,0.00,0.00,0
2011-09-20,100.00,0.00,0.00,0.00,0.00,0.00,0
2011-09-13,100.00,0.00,0.00,0.00,0.00,0.00,0
2011-09-06,100.00,0.00,0.00,0.00,0.00,0.00,0
2011-08-30,100.00,0.00,0.00,0.00,0.00,0.00,0
2011-08-23,100.00,0.00,0.00,0.00,0.00,0.00,0
2011-08-16,0.00,100.00,0.00,0.00,0.00,0.00,100
2011-08-09,0.00,100.00,0.00,0.00,0.00,0.00,100
2011-08-02,0.00,100.00,0.00,0.00,0.00,0.00,100
2011-07-26,0.00,100.00,0.00,0.00,0.00,0.00,100
2011-07-19,0.00,100.00,0.00,0.00,0.00,0.00,100
2011-07-12,0.00,100.00,0.00,0.00,0.00,0.00,100
2011-07-05,0.00,100.00,47.40,0.00,0.00,0.00,147
2011-06-28,0.00,100.00,47.40,0.00,0.00,0.00,147
2011-06-21,0.00,100.00,47.40,0.00,0.00,0.00,147
2011-06-14,0.00,100.00,46.64,0.00,0.00,0.00,147
2011-06-07,54.65,45.35,15.70,0.00,0.00,0.00,61
2011-05-31,54.65,45.35,15.70,0.00,0.00,0.00,61
2011-05-24,48.60,51.40,15.70,0.00,0.00,0.00,67
2011-05-17,48.60,51.40,15.70,0.00,0.00,0.00,67
2011-05-10,29.74,70.26,19.75,0.00,0.00,0.00,90
2011-05-03,29.74,70.26,19.75,0.00,0.00,0.00,90
2011-04-26,64.83,35.17,0.00,0.00,0.00,0.00,35
2011-04-19,64.83,35.17,0.00,0.00,0.00,0.00,35
2011-04-12,64.83,35.17,0.00,0.00,0.00,0.00,35
2011-04-05,61.36,38.64,0.00,0.00,0.00,0.00,39
2011-03-29,29.75,70.25,0.00,0.00,0.00,0.00,70
2011-03-22,29.75,70.25,0.00,0.00,0.00,0.00,70
2011-03-15,0.00,100.00,0.00,0.00,0.00,0.00,100
2011-03-08,0.00,100.00,0.00,0.00,0.00,0.00,100
2011-03-01,0.00,100.00,0.00,0.00,0.00,0.00,100
2011-02-22,0.00,100.00,0.00,0.00,0.00,0.00,100
2011-02-15,0.00,100.00,0.00,0.00,0.00,0.00,100
2011-02-08,0.00,100.00,0.00,0.00,0.00,0.00,100
2011-02-01,0.00,100.00,0.00,0.00,0.00,0.00,100
2011-01-25,0.00,100.00,0.00,0.00,0.00,0.00,100
2011-01-18,0.00,100.00,0.00,0.00,0.00,0.00,100
2011-01-11,1.79,98.21,0.00,0.00,0.00,0.00,98
2011-01-04,100.00,0.00,0.00,0.00,0.00,0.00,0
2010-12-28,100.00,0.00,0.00,0.00,0.00,0.00,0
2010-12-21,100.00,0.00,0.00,0.00,0.00,0.00,0
2010-12-14,100.00,0.00,0.00,0.00,0.00,0.00,0
2010-12-07,100.00,0.00,0.00,0.00,0.00,0.00,0
2010-11-30,100.00,0.00,0.00,0.00,0.00,0.00,0
2010-11-23,100.00,0.00,0.00,0.00,0.00,0.00,0
2010-11-16,100.00,0.00,0.00,0.00,0.00,0.00,0
2010-11-09,100.00,0.00,0.00,0.00,0.00,0.00,0
2010-11-02,100.00,0.00,0.00,0.00,0.00,0.00,0
2010-10-26,100.00,0.00,0.00,0.00,0.00,0.00,0
2010-10-19,100.00,0.00,0.00,0.00,0.00,0.00,0
2010-10-12,100.00,0.00,0.00,0.00,0.00,0.00,0
2010-10-05,100.00,0.00,0.00,0.00,0.00,0.00,0
2010-09-28,0.00,100.00,100.00,100.00,0.00,0.00,300
2010-09-21,0.00,100.00,100.00,100.00,0.00,0.00,300
2010-09-14,0.00,100.00,100.00,100.00,0.00,0.00,300
2010-09-07,0.00,100.00,100.00,100.00,0.00,0.00,300
2010-08-31,0.00,100.00,100.00,100.00,0.00,0.00,300
2010-08-24,0.00,100.00,100.00,100.00,0.00,0.00,300
2010-08-17,0.00,100.00,100.00,100.00,0.00,0.00,300
2010-08-10,0.00,100.00,100.00,100.00,0.00,0.00,300
2010-08-03,0.00,100.00,100.00,100.00,0.00,0.00,300
2010-07-27,0.00,100.00,100.00,97.03,0.00,0.00,297
2010-07-20,0.00,100.00,100.00,0.00,0.00,0.00,200
2010-07-13,0.00,100.00,100.00,0.00,0.00,0.00,200
2010-07-06,0.00,100.00,100.00,0.00,0.00,0.00,200
2010-06-29,0.00,100.00,0.00,0.00,0.00,0.00,100
2010-06-22,33.88,66.12,0.00,0.00,0.00,0.00,66
2010-06-15,100.00,0.00,0.00,0.00,0.00,0.00,0
2010-06-08,100.00,0.00,0.00,0.00,0.00,0.00,0
2010-06-01,100.00,0.00,0.00,0.00,0.00,0.00,0
2010-05-25,100.00,0.00,0.00,0.00,0.00,0.00,0
2010-05-18,100.00,0.00,0.00,0.00,0.00,0.00,0
2010-05-11,100.00,0.00,0.00,0.00,0.00,0.00,0
2010-05-04,100.00,0.00,0.00,0.00,0.00,0.00,0
2010-04-27,100.00,0.00,0.00,0.00,0.00,0.00,0
2010-04-20,100.00,0.00,0.00,0.00,0.00,0.00,0
2010-04-13,100.00,0.00,0.00,0.00,0.00,0.00,0
2010-04-06,100.00,0.00,0.00,0.00,0.00,0.00,0
2010-03-30,100.00,0.00,0.00,0.00,0.00,0.00,0
2010-03-23,100.00,0.00,0.00,0.00,0.00,0.00,0
2010-03-16,100.00,0.00,0.00,0.00,0.00,0.00,0
2010-03-09,100.00,0.00,0.00,0.00,0.00,0.00,0
2010-03-02,100.00,0.00,0.00,0.00,0.00,0.00,0
2010-02-23,100.00,0.00,0.00,0.00,0.00,0.00,0
2010-02-16,100.00,0.00,0.00,0.00,0.00,0.00,0
2010-02-09,100.00,0.00,0.00,0.00,0.00,0.00,0
2010-02-02,100.00,0.00,0.00,0.00,0.00,0.00,0
2010-01-26,100.00,0.00,0.00,0.00,0.00,0.00,0
2010-01-19,100.00,0.00,0.00,0.00,0.00,0.00,0
2010-01-12,100.00,0.00,0.00,0.00,0.00,0.00,0
2010-01-05,100.00,0.00,0.00,0.00,0.00,0.00,0
2009-12-29,100.00,0.00,0.00,0.00,0.00,0.00,0
2009-12-22,100.00,0.00,0.00,0.00,0.00,0.00,0
2009-12-15,100.00,0.00,0.00,0.00,0.00,0.00,0
2009-12-08,100.00,0.00,0.00,0.00,0.00,0.00,0
2009-12-01,100.00,0.00,0.00,0.00,0.00,0.00,0
2009-11-24,100.00,0.00,0.00,0.00,0.00,0.00,0
2009-11-17,100.00,0.00,0.00,0.00,0.00,0.00,0
2009-11-10,100.00,0.00,0.00,0.00,0.00,0.00,0
2009-11-03,100.00,0.00,0.00,0.00,0.00,0.00,0
2009-10-27,100.00,0.00,0.00,0.00,0.00,0.00,0
2009-10-20,100.00,0.00,0.00,0.00,0.00,0.00,0
2009-10-13,100.00,0.00,0.00,0.00,0.00,0.00,0
2009-10-06,100.00,0.00,0.00,0.00,0.00,0.00,0
2009-09-29,100.00,0.00,0.00,0.00,0.00,0.00,0
2009-09-22,100.00,0.00,0.00,0.00,0.00,0.00,0
2009-09-15,100.00,0.00,0.00,0.00,0.00,0.00,0
2009-09-08,100.00,0.00,0.00,0.00,0.00,0.00,0
2009-09-01,100.00,0.00,0.00,0.00,0.00,0.00,0
2009-08-25,100.00,0.00,0.00,0.00,0.00,0.00,0
2009-08-18,0.00,100.00,0.00,0.00,0.00,0.00,100
2009-08-11,60.83,39.17,0.00,0.00,0.00,0.00,39
2009-08-04,60.83,39.17,0.00,0.00,0.00,0.00,39
2009-07-28,60.83,39.17,0.00,0.00,0.00,0.00,39
2009-07-21,60.83,39.17,0.00,0.00,0.00,0.00,39
2009-07-14,44.72,55.28,0.00,0.00,0.00,0.00,55
2009-07-07,44.72,55.28,0.00,0.00,0.00,0.00,55
2009-06-30,70.18,29.82,0.00,0.00,0.00,0.00,30
2009-06-23,100.00,0.00,0.00,0.00,0.00,0.00,0
2009-06-16,100.00,0.00,0.00,0.00,0.00,0.00,0
2009-06-09,100.00,0.00,0.00,0.00,0.00,0.00,0
2009-06-02,100.00,0.00,0.00,0.00,0.00,0.00,0
2009-05-26,100.00,0.00,0.00,0.00,0.00,0.00,0
2009-05-19,100.00,0.00,0.00,0.00,0.00,0.00,0
2009-05-12,100.00,0.00,0.00,0.00,0.00,0.00,0
2009-05-05,78.66,21.34,0.00,0.00,0.00,0.00,21
2009-04-28,0.00,100.00,0.00,0.00,0.00,0.00,100
2009-04-21,0.00,100.00,0.00,0.00,0.00,0.00,100
2009-04-14,0.00,100.00,0.00,0.00,0.00,0.00,100
2009-04-07,0.00,100.00,0.00,0.00,0.00,0.00,100
2009-03-31,0.00,100.00,0.00,0.00,0.00,0.00,100
2009-03-24,0.00,100.00,0.00,0.00,0.00,0.00,100
2009-03-17,0.00,100.00,0.00,0.00,0.00,0.00,100
2009-03-10,0.00,100.00,0.00,0.00,0.00,0.00,100
2009-03-03,0.00,100.00,0.00,0.00,0.00,0.00,100
2009-02-24,0.00,100.00,0.00,0.00,0.00,0.00,100
2009-02-17,0.00,100.00,0.00,0.00,0.00,0.00,100
2009-02-10,0.00,100.00,0.00,0.00,0.00,0.00,100
2009-02-03,100.00,0.00,0.00,0.00,0.00,0.00,0
2009-01-27,100.00,0.00,0.00,0.00,0.00,0.00,0
2009-01-20,100.00,0.00,0.00,0.00,0.00,0.00,0
2009-01-13,100.00,0.00,0.00,0.00,0.00,0.00,0
2009-01-06,100.00,0.00,0.00,0.00,0.00,0.00,0
2008-12-30,100.00,0.00,0.00,0.00,0.00,0.00,0
2008-12-23,100.00,0.00,0.00,0.00,0.00,0.00,0
2008-12-16,100.00,0.00,0.00,0.00,0.00,0.00,0
2008-12-09,100.00,0.00,0.00,0.00,0.00,0.00,0
2008-12-02,100.00,0.00,0.00,0.00,0.00,0.00,0
2008-11-25,100.00,0.00,0.00,0.00,0.00,0.00,0
2008-11-18,100.00,0.00,0.00,0.00,0.00,0.00,0
2008-11-11,100.00,0.00,0.00,0.00,0.00,0.00,0
2008-11-04,100.00,0.00,0.00,0.00,0.00,0.00,0
2008-10-28,100.00,0.00,0.00,0.00,0.00,0.00,0
2008-10-21,100.00,0.00,0.00,0.00,0.00,0.00,0
2008-10-14,100.00,0.00,0.00,0.00,0.00,0.00,0
2008-10-07,100.00,0.00,0.00,0.00,0.00,0.00,0
2008-09-30,100.00,0.00,0.00,0.00,0.00,0.00,0
2008-09-23,100.00,0.00,0.00,0.00,0.00,0.00,0
2008-09-16,100.00,0.00,0.00,0.00,0.00,0.00,0
2008-09-09,100.00,0.00,0.00,0.00,0.00,0.00,0
2008-09-02,0.00,100.00,0.00,0.00,0.00,0.00,100
2008-08-26,0.00,100.00,39.57,0.00,0.00,0.00,140
2008-08-19,0.00,100.00,39.57,0.00,0.00,0.00,140
2008-08-12,0.00,100.00,0.00,0.00,0.00,0.00,100
2008-08-05,100.00,0.00,0.00,0.00,0.00,0.00,0
2008-07-29,100.00,0.00,0.00,0.00,0.00,0.00,0
2008-07-22,100.00,0.00,0.00,0.00,0.00,0.00,0
2008-07-15,100.00,0.00,0.00,0.00,0.00,0.00,0
2008-07-08,100.00,0.00,0.00,0.00,0.00,0.00,0
2008-07-01,100.00,0.00,0.00,0.00,0.00,0.00,0
2008-06-24,100.00,0.00,0.00,0.00,0.00,0.00,0
2008-06-17,100.00,0.00,0.00,0.00,0.00,0.00,0
2008-06-10,100.00,0.00,0.00,0.00,0.00,0.00,0
2008-06-03,100.00,0.00,0.00,0.00,0.00,0.00,0
2008-05-27,100.00,0.00,0.00,0.00,0.00,0.00,0
2008-05-20,100.00,0.00,0.00,0.00,0.00,0.00,0
2008-05-13,100.00,0.00,0.00,0.00,0.00,0.00,0
2008-05-06,7.67,92.33,0.00,0.00,0.00,0.00,92
2008-04-29,7.67,92.33,0.00,0.00,0.00,0.00,92
2008-04-22,0.00,100.00,0.00,0.00,0.00,0.00,100
2008-04-15,0.00,100.00,100.00,0.00,0.00,0.00,200
2008-04-08,0.00,100.00,100.00,0.00,0.00,0.00,200
2008-04-01,0.00,100.00,100.00,0.00,0.00,0.00,200
2008-03-25,0.00,100.00,100.00,0.00,0.00,0.00,200
2008-03-18,0.00,100.00,100.00,0.00,0.00,0.00,200
2008-03-11,0.00,100.00,100.00,0.00,0.00,0.00,200
2008-03-04,0.00,100.00,100.00,0.00,0.00,0.00,200
2008-02-26,0.00,100.00,100.00,0.00,0.00,0.00,200
2008-02-19,0.00,100.00,100.00,0.00,0.00,0.00,200
2008-02-12,0.00,100.00,100.00,0.00,0.00,0.00,200
2008-02-05,0.00,100.00,100.00,0.00,0.00,0.00,200
2008-01-29,0.00,100.00,100.00,0.00,0.00,0.00,200
2008-01-22,0.00,100.00,100.00,0.00,0.00,0.00,200
2008-01-15,0.00,100.00,100.00,0.00,0.00,0.00,200
2008-01-08,0.00,100.00,100.00,0.00,0.00,0.00,200
2008-01-01,0.00,100.00,100.00,0.00,0.00,0.00,200
2007-12-25,0.00,100.00,100.00,5.14,0.00,0.00,205
2007-12-18,0.00,100.00,100.00,5.14,0.00,0.00,205
2007-12-11,0.00,100.00,100.00,5.14,0.00,0.00,205
2007-12-04,0.00,100.00,100.00,5.14,0.00,0.00,205
2007-11-27,0.00,100.00,100.00,5.14,0.00,0.00,205
2007-11-20,0.00,100.00,99.60,0.00,0.00,0.00,200
2007-11-13,0.00,100.00,99.60,0.00,0.00,0.00,200
2007-11-06,0.00,100.00,50.59,0.00,0.00,0.00,151
2007-10-30,0.00,100.00,38.42,0.00,0.00,0.00,138
2007-10-23,0.00,100.00,100.00,100.00,94.43,0.00,394
2007-10-16,0.00,100.00,100.00,100.00,0.00,0.00,300
2007-10-09,0.00,100.00,100.00,100.00,0.00,0.00,300
2007-10-02,0.00,100.00,100.00,21.52,0.00,0.00,222
2007-09-25,0.00,100.00,100.00,19.47,0.00,0.00,219
2007-09-18,0.00,100.00,100.00,0.00,0.00,0.00,200
2007-09-11,0.00,100.00,100.00,0.00,0.00,0.00,200
2007-09-04,0.00,100.00,0.29,0.00,0.00,0.00,100
2007-08-28,0.00,100.00,0.00,0.00,0.00,0.00,100
2007-08-21,0.00,100.00,100.00,0.00,0.00,0.00,200
2007-08-14,0.00,100.00,100.00,54.85,0.00,0.00,255
2007-08-07,0.00,100.00,100.00,54.85,0.00,0.00,255
2007-07-31,0.00,100.00,100.00,54.85,0.00,0.00,255
2007-07-24,0.00,100.00,100.00,1.69,0.00,0.00,202
2007-07-17,0.00,100.00,100.00,1.69,0.00,0.00,202
2007-07-10,0.00,100.00,12.03,0.00,0.00,0.00,112
2007-07-03,30.68,69.32,0.00,0.00,0.00,0.00,69
2007-06-26,23.20,76.80,0.00,0.00,0.00,0.00,77
2007-06-19,100.00,0.00,0.00,0.00,0.00,0.00,0
2007-06-12,100.00,0.00,0.00,0.00,0.00,0.00,0
2007-06-05,100.00,0.00,0.00,0.00,0.00,0.00,0
2007-05-29,100.00,0.00,0.00,0.00,0.00,0.00,0
2007-05-22,100.00,0.00,0.00,0.00,0.00,0.00,0
2007-05-15,100.00,0.00,0.00,0.00,0.00,0.00,0
2007-05-08,100.00,0.00,0.00,0.00,0.00,0.00,0
2007-05-01,100.00,0.00,0.00,0.00,0.00,0.00,0
2007-04-24,100.00,0.00,0.00,0.00,0.00,0.00,0
2007-04-17,100.00,0.00,0.00,0.00,0.00,0.00,0
2007-04-10,100.00,0.00,0.00,0.00,0.00,0.00,0
2007-04-03,100.00,0.00,0.00,0.00,0.00,0.00,0
2007-03-27,100.00,0.00,0.00,0.00,0.00,0.00,0
2007-03-20,100.00,0.00,0.00,0.00,0.00,0.00,0
2007-03-13,0.00,100.00,0.00,0.00,0.00,0.00,100
2007-03-06,100.00,0.00,0.00,0.00,0.00,0.00,0
2007-02-27,100.00,0.00,0.00,0.00,0.00,0.00,0
2007-02-20,100.00,0.00,0.00,0.00,0.00,0.00,0
2007-02-13,100.00,0.00,0.00,0.00,0.00,0.00,0
2007-02-06,100.00,0.00,0.00,0.00,0.00,0.00,0
2007-01-30,100.00,0.00,0.00,0.00,0.00,0.00,0
2007-01-23,100.00,0.00,0.00,0.00,0.00,0.00,0
2007-01-16,100.00,0.00,0.00,0.00,0.00,0.00,0
2007-01-09,100.00,0.00,0.00,0.00,0.00,0.00,0
2007-01-02,100.00,0.00,0.00,0.00,0.00,0.00,0
2006-12-26,100.00,0.00,0.00,0.00,0.00,0.00,0
2006-12-19,100.00,0.00,0.00,0.00,0.00,0.00,0
2006-12-12,100.00,0.00,0.00,0.00,0.00,0.00,0
2006-12-05,100.00,0.00,0.00,0.00,0.00,0.00,0
2006-11-28,100.00,0.00,0.00,0.00,0.00,0.00,0
2006-11-21,100.00,0.00,0.00,0.00,0.00,0.00,0
2006-11-14,100.00,0.00,0.00,0.00,0.00,0.00,0
2006-11-07,100.00,0.00,0.00,0.00,0.00,0.00,0
2006-10-31,100.00,0.00,0.00,0.00,0.00,0.00,0
2006-10-24,100.00,0.00,0.00,0.00,0.00,0.00,0
2006-10-17,100.00,0.00,0.00,0.00,0.00,0.00,0
2006-10-10,100.00,0.00,0.00,0.00,0.00,0.00,0
2006-10-03,100.00,0.00,0.00,0.00,0.00,0.00,0
2006-09-26,100.00,0.00,0.00,0.00,0.00,0.00,0
2006-09-19,100.00,0.00,0.00,0.00,0.00,0.00,0
2006-09-12,100.00,0.00,0.00,0.00,0.00,0.00,0
2006-09-05,100.00,0.00,0.00,0.00,0.00,0.00,0
2006-08-29,0.00,100.00,94.18,0.00,0.00,0.00,194
2006-08-22,0.00,100.00,0.00,0.00,0.00,0.00,100
2006-08-15,100.00,0.00,0.00,0.00,0.00,0.00,0
2006-08-08,100.00,0.00,0.00,0.00,0.00,0.00,0
2006-08-01,100.00,0.00,0.00,0.00,0.00,0.00,0
2006-07-25,100.00,0.00,0.00,0.00,0.00,0.00,0
2006-07-18,100.00,0.00,0.00,0.00,0.00,0.00,0
2006-07-11,100.00,0.00,0.00,0.00,0.00,0.00,0
2006-07-04,100.00,0.00,0.00,0.00,0.00,0.00,0
2006-06-27,100.00,0.00,0.00,0.00,0.00,0.00,0
2006-06-20,0.16,99.84,0.00,0.00,0.00,0.00,100
2006-06-13,0.00,100.00,0.00,0.00,0.00,0.00,100
2006-06-06,0.00,100.00,0.00,0.00,0.00,0.00,100
2006-05-30,0.00,100.00,0.00,0.00,0.00,0.00,100
2006-05-23,27.62,72.38,0.00,0.00,0.00,0.00,72
2006-05-16,32.96,67.04,0.00,0.00,0.00,0.00,67
2006-05-09,0.00,100.00,19.86,0.00,0.00,0.00,120
2006-05-02,0.00,100.00,100.00,0.00,0.00,0.00,200
2006-04-25,0.00,100.00,100.00,0.00,0.00,0.00,200
2006-04-18,0.00,100.00,100.00,0.00,0.00,0.00,200
2006-04-11,0.00,100.00,100.00,0.00,0.00,0.00,200
2006-04-04,0.00,100.00,100.00,0.00,0.00,0.00,200
2006-03-28,0.00,100.00,100.00,0.00,0.00,0.00,200
2006-03-21,0.00,100.00,0.00,0.00,0.00,0.00,100
2006-03-14,0.00,100.00,0.00,0.00,0.00,0.00,100
2006-03-07,100.00,0.00,0.00,0.00,0.00,0.00,0
2006-02-28,100.00,0.00,0.00,0.00,0.00,0.00,0
2006-02-21,100.00,0.00,0.00,0.00,0.00,0.00,0
2006-02-14,100.00,0.00,0.00,0.00,0.00,0.00,0
2006-02-07,100.00,0.00,0.00,0.00,0.00,0.00,0
2006-01-31,100.00,0.00,0.00,0.00,0.00,0.00,0
2006-01-24,100.00,0.00,0.00,0.00,0.00,0.00,0
2006-01-17,100.00,0.00,0.00,0.00,0.00,0.00,0
2006-01-10,100.00,0.00,0.00,0.00,0.00,0.00,0
2006-01-03,100.00,0.00,0.00,0.00,0.00,0.00,0
2005-12-27,100.00,0.00,0.00,0.00,0.00,0.00,0
2005-12-20,100.00,0.00,0.00,0.00,0.00,0.00,0
2005-12-13,100.00,0.00,0.00,0.00,0.00,0.00,0
2005-12-06,100.00,0.00,0.00,0.00,0.00,0.00,0
2005-11-29,100.00,0.00,0.00,0.00,0.00,0.00,0
2005-11-22,100.00,0.00,0.00,0.00,0.00,0.00,0
2005-11-15,100.00,0.00,0.00,0.00,0.00,0.00,0
2005-11-08,100.00,0.00,0.00,0.00,0.00,0.00,0
2005-11-01,100.00,0.00,0.00,0.00,0.00,0.00,0
2005-10-25,100.00,0.00,0.00,0.00,0.00,0.00,0
2005-10-18,100.00,0.00,0.00,0.00,0.00,0.00,0
2005-10-11,100.00,0.00,0.00,0.00,0.00,0.00,0
2005-10-04,0.00,100.00,100.00,0.00,0.00,0.00,200
2005-09-27,0.00,100.00,100.00,0.00,0.00,0.00,200
2005-09-20,0.00,100.00,100.00,0.00,0.00,0.00,200
2005-09-13,0.00,100.00,0.00,0.00,0.00,0.00,100
2005-09-06,0.00,100.00,0.00,0.00,0.00,0.00,100
2005-08-30,100.00,0.00,0.00,0.00,0.00,0.00,0
2005-08-23,100.00,0.00,0.00,0.00,0.00,0.00,0
2005-08-16,100.00,0.00,0.00,0.00,0.00,0.00,0
2005-08-09,100.00,0.00,0.00,0.00,0.00,0.00,0
2005-08-02,100.00,0.00,0.00,0.00,0.00,0.00,0
2005-07-26,100.00,0.00,0.00,0.00,0.00,0.00,0
2005-07-19,100.00,0.00,0.00,0.00,0.00,0.00,0
2005-07-12,100.00,0.00,0.00,0.00,0.00,0.00,0
2005-07-05,7.07,92.93,45.68,0.00,0.00,0.00,139
2005-06-28,5.75,94.25,0.00,0.00,0.00,0.00,94
2005-06-21,100.00,0.00,0.00,0.00,0.00,0.00,0
2005-06-14,100.00,0.00,0.00,0.00,0.00,0.00,0
2005-06-07,100.00,0.00,0.00,0.00,0.00,0.00,0
2005-05-31,100.00,0.00,0.00,0.00,0.00,0.00,0
2005-05-24,100.00,0.00,0.00,0.00,0.00,0.00,0
2005-05-17,100.00,0.00,0.00,0.00,0.00,0.00,0
2005-05-10,100.00,0.00,0.00,0.00,0.00,0.00,0
2005-05-03,100.00,0.00,0.00,0.00,0.00,0.00,0
2005-04-26,100.00,0.00,0.00,0.00,0.00,0.00,0
2005-04-19,100.00,0.00,0.00,0.00,0.00,0.00,0
2005-04-12,100.00,0.00,0.00,0.00,0.00,0.00,0
2005-04-05,100.00,0.00,0.00,0.00,0.00,0.00,0
2005-03-29,100.00,0.00,0.00,0.00,0.00,0.00,0
2005-03-22,100.00,0.00,0.00,0.00,0.00,0.00,0
2005-03-15,100.00,0.00,0.00,0.00,0.00,0.00,0
2005-03-08,100.00,0.00,0.00,0.00,0.00,0.00,0
2005-03-01,100.00,0.00,0.00,0.00,0.00,0.00,0
2005-02-22,100.00,0.00,0.00,0.00,0.00,0.00,0
2005-02-15,100.00,0.00,0.00,0.00,0.00,0.00,0
2005-02-08,100.00,0.00,0.00,0.00,0.00,0.00,0
2005-02-01,100.00,0.00,0.00,0.00,0.00,0.00,0
2005-01-25,100.00,0.00,0.00,0.00,0.00,0.00,0
2005-01-18,100.00,0.00,0.00,0.00,0.00,0.00,0
2005-01-11,100.00,0.00,0.00,0.00,0.00,0.00,0
2005-01-04,100.00,0.00,0.00,0.00,0.00,0.00,0
2004-12-28,100.00,0.00,0.00,0.00,0.00,0.00,0
2004-12-21,100.00,0.00,0.00,0.00,0.00,0.00,0
2004-12-14,100.00,0.00,0.00,0.00,0.00,0.00,0
2004-12-07,100.00,0.00,0.00,0.00,0.00,0.00,0
2004-11-30,100.00,0.00,0.00,0.00,0.00,0.00,0
2004-11-23,100.00,0.00,0.00,0.00,0.00,0.00,0
2004-11-16,100.00,0.00,0.00,0.00,0.00,0.00,0
2004-11-09,100.00,0.00,0.00,0.00,0.00,0.00,0
2004-11-02,100.00,0.00,0.00,0.00,0.00,0.00,0
2004-10-26,100.00,0.00,0.00,0.00,0.00,0.00,0
2004-10-19,100.00,0.00,0.00,0.00,0.00,0.00,0
2004-10-12,100.00,0.00,0.00,0.00,0.00,0.00,0
2004-10-05,100.00,0.00,0.00,0.00,0.00,0.00,0
2004-09-28,100.00,0.00,0.00,0.00,0.00,0.00,0
2004-09-21,100.00,0.00,0.00,0.00,0.00,0.00,0
2004-09-14,100.00,0.00,0.00,0.00,0.00,0.00,0
2004-09-07,100.00,0.00,0.00,0.00,0.00,0.00,0
2004-08-31,100.00,0.00,0.00,0.00,0.00,0.00,0
2004-08-24,100.00,0.00,0.00,0.00,0.00,0.00,0
2004-08-17,100.00,0.00,0.00,0.00,0.00,0.00,0
2004-08-10,100.00,0.00,0.00,0.00,0.00,0.00,0
2004-08-03,100.00,0.00,0.00,0.00,0.00,0.00,0
2004-07-27,100.00,0.00,0.00,0.00,0.00,0.00,0
2004-07-20,100.00,0.00,0.00,0.00,0.00,0.00,0
2004-07-13,100.00,0.00,0.00,0.00,0.00,0.00,0
2004-07-06,100.00,0.00,0.00,0.00,0.00,0.00,0
2004-06-29,100.00,0.00,0.00,0.00,0.00,0.00,0
2004-06-22,100.00,0.00,0.00,0.00,0.00,0.00,0
2004-06-15,100.00,0.00,0.00,0.00,0.00,0.00,0
2004-06-08,100.00,0.00,0.00,0.00,0.00,0.00,0
2004-06-01,100.00,0.00,0.00,0.00,0.00,0.00,0
2004-05-25,100.00,0.00,0.00,0.00,0.00,0.00,0
2004-05-18,100.00,0.00,0.00,0.00,0.00,0.00,0
2004-05-11,100.00,0.00,0.00,0.00,0.00,0.00,0
2004-05-04,100.00,0.00,0.00,0.00,0.00,0.00,0
2004-04-27,100.00,0.00,0.00,0.00,0.00,0.00,0
2004-04-20,100.00,0.00,0.00,0.00,0.00,0.00,0
2004-04-13,100.00,0.00,0.00,0.00,0.00,0.00,0
2004-04-06,100.00,0.00,0.00,0.00,0.00,0.00,0
2004-03-30,100.00,0.00,0.00,0.00,0.00,0.00,0
2004-03-23,100.00,0.00,0.00,0.00,0.00,0.00,0
2004-03-16,100.00,0.00,0.00,0.00,0.00,0.00,0
2004-03-09,100.00,0.00,0.00,0.00,0.00,0.00,0
2004-03-02,100.00,0.00,0.00,0.00,0.00,0.00,0
2004-02-24,100.00,0.00,0.00,0.00,0.00,0.00,0
2004-02-17,100.00,0.00,0.00,0.00,0.00,0.00,0
2004-02-10,100.00,0.00,0.00,0.00,0.00,0.00,0
2004-02-03,100.00,0.00,0.00,0.00,0.00,0.00,0
2004-01-27,100.00,0.00,0.00,0.00,0.00,0.00,0
2004-01-20,100.00,0.00,0.00,0.00,0.00,0.00,0
2004-01-13,100.00,0.00,0.00,0.00,0.00,0.00,0
2004-01-06,100.00,0.00,0.00,0.00,0.00,0.00,0
2003-12-30,100.00,0.00,0.00,0.00,0.00,0.00,0
2003-12-23,100.00,0.00,0.00,0.00,0.00,0.00,0
2003-12-16,100.00,0.00,0.00,0.00,0.00,0.00,0
2003-12-09,100.00,0.00,0.00,0.00,0.00,0.00,0
2003-12-02,100.00,0.00,0.00,0.00,0.00,0.00,0
2003-11-25,100.00,0.00,0.00,0.00,0.00,0.00,0
2003-11-18,100.00,0.00,0.00,0.00,0.00,0.00,0
2003-11-11,100.00,0.00,0.00,0.00,0.00,0.00,0
2003-11-04,100.00,0.00,0.00,0.00,0.00,0.00,0
2003-10-28,100.00,0.00,0.00,0.00,0.00,0.00,0
2003-10-21,100.00,0.00,0.00,0.00,0.00,0.00,0
2003-10-14,100.00,0.00,0.00,0.00,0.00,0.00,0
2003-10-07,100.00,0.00,0.00,0.00,0.00,0.00,0
2003-09-30,100.00,0.00,0.00,0.00,0.00,0.00,0
2003-09-23,100.00,0.00,0.00,0.00,0.00,0.00,0
2003-09-16,100.00,0.00,0.00,0.00,0.00,0.00,0
2003-09-09,100.00,0.00,0.00,0.00,0.00,0.00,0
2003-09-02,100.00,0.00,0.00,0.00,0.00,0.00,0
2003-08-26,100.00,0.00,0.00,0.00,0.00,0.00,0
2003-08-19,100.00,0.00,0.00,0.00,0.00,0.00,0
2003-08-12,100.00,0.00,0.00,0.00,0.00,0.00,0
2003-08-05,100.00,0.00,0.00,0.00,0.00,0.00,0
2003-07-29,100.00,0.00,0.00,0.00,0.00,0.00,0
2003-07-22,100.00,0.00,0.00,0.00,0.00,0.00,0
2003-07-15,100.00,0.00,0.00,0.00,0.00,0.00,0
2003-07-08,100.00,0.00,0.00,0.00,0.00,0.00,0
2003-07-01,100.00,0.00,0.00,0.00,0.00,0.00,0
2003-06-24,100.00,0.00,0.00,0.00,0.00,0.00,0
2003-06-17,100.00,0.00,0.00,0.00,0.00,0.00,0
2003-06-10,100.00,0.00,0.00,0.00,0.00,0.00,0
2003-06-03,100.00,0.00,0.00,0.00,0.00,0.00,0
2003-05-27,100.00,0.00,0.00,0.00,0.00,0.00,0
2003-05-20,100.00,0.00,0.00,0.00,0.00,0.00,0
2003-05-13,100.00,0.00,0.00,0.00,0.00,0.00,0
2003-05-06,100.00,0.00,0.00,0.00,0.00,0.00,0
2003-04-29,100.00,0.00,0.00,0.00,0.00,0.00,0
2003-04-22,100.00,0.00,0.00,0.00,0.00,0.00,0
2003-04-15,100.00,0.00,0.00,0.00,0.00,0.00,0
2003-04-08,100.00,0.00,0.00,0.00,0.00,0.00,0
2003-04-01,100.00,0.00,0.00,0.00,0.00,0.00,0
2003-03-25,100.00,0.00,0.00,0.00,0.00,0.00,0
2003-03-18,100.00,0.00,0.00,0.00,0.00,0.00,0
2003-03-11,100.00,0.00,0.00,0.00,0.00,0.00,0
2003-03-04,100.00,0.00,0.00,0.00,0.00,0.00,0
2003-02-25,100.00,0.00,0.00,0.00,0.00,0.00,0
2003-02-18,100.00,0.00,0.00,0.00,0.00,0.00,0
2003-02-11,100.00,0.00,0.00,0.00,0.00,0.00,0
2003-02-04,100.00,0.00,0.00,0.00,0.00,0.00,0
2003-01-28,100.00,0.00,0.00,0.00,0.00,0.00,0
2003-01-21,100.00,0.00,0.00,0.00,0.00,0.00,0
2003-01-14,100.00,0.00,0.00,0.00,0.00,0.00,0
2003-01-07,100.00,0.00,0.00,0.00,0.00,0.00,0
2002-12-31,99.72,0.28,0.00,0.00,0.00,0.00,0
2002-12-24,36.34,63.66,0.00,0.00,0.00,0.00,64
2002-12-17,10.43,89.57,0.00,0.00,0.00,0.00,90
2002-12-10,4.32,95.68,0.00,0.00,0.00,0.00,96
2002-12-03,15.73,84.27,0.00,0.00,0.00,0.00,84
2002-11-26,0.00,100.00,0.00,0.00,0.00,0.00,100
2002-11-19,0.00,100.00,0.00,0.00,0.00,0.00,100
2002-11-12,0.00,100.00,44.10,0.00,0.00,0.00,144
2002-11-05,0.00,100.00,68.56,0.00,0.00,0.00,169
2002-10-29,0.00,100.00,100.00,66.50,0.00,0.00,267
2002-10-22,0.00,100.00,100.00,90.34,0.00,0.00,290
2002-10-15,0.00,100.00,100.00,88.32,0.00,0.00,288
2002-10-08,0.00,100.00,100.00,100.00,100.00,0.00,400
2002-10-01,0.00,100.00,100.00,100.00,71.03,0.00,371
2002-09-24,0.00,100.00,100.00,100.00,75.49,0.00,375
2002-09-17,0.00,100.00,100.00,100.00,0.10,0.00,300
2002-09-10,0.00,100.00,100.00,100.00,21.32,0.00,321
2002-09-03,0.00,100.00,100.00,100.00,2.82,0.00,303
2002-08-27,0.00,100.00,100.00,100.00,100.00,100.00,500
2002-08-20,0.00,100.00,100.00,100.00,100.00,100.00,500
2002-08-13,0.00,100.00,100.00,100.00,100.00,0.00,400
2002-08-06,0.00,100.00,100.00,100.00,100.00,0.00,400
2002-07-30,0.00,100.00,100.00,100.00,100.00,0.00,400
2002-07-23,0.00,100.00,100.00,100.00,93.30,0.00,393
2002-07-16,0.00,100.00,100.00,100.00,44.55,0.00,345
2002-07-09,0.00,100.00,100.00,100.00,66.25,0.00,366
2002-07-02,0.00,100.00,100.00,100.00,70.50,0.00,371
2002-06-25,0.00,100.00,100.00,100.00,51.22,0.00,351
2002-06-18,0.00,100.00,100.00,100.00,0.00,0.00,300
2002-06-11,0.00,100.00,100.00,100.00,0.00,0.00,300
2002-06-04,0.00,100.00,100.00,100.00,0.00,0.00,300
2002-05-28,0.00,100.00,100.00,100.00,0.00,0.00,300
2002-05-21,0.00,100.00,100.00,100.00,0.00,0.00,300
2002-05-14,0.00,100.00,100.00,100.00,0.00,0.00,300
2002-05-07,0.00,100.00,100.00,100.00,0.00,0.00,300
2002-04-30,0.00,100.00,100.00,100.00,0.00,0.00,300
2002-04-23,0.00,100.00,100.00,100.00,0.00,0.00,300
2002-04-16,0.00,100.00,100.00,100.00,0.00,0.00,300
2002-04-09,0.00,100.00,100.00,100.00,0.00,0.00,300
2002-04-02,0.00,100.00,100.00,100.00,0.00,0.00,300
2002-03-26,0.00,100.00,100.00,100.00,2.35,0.00,302
2002-03-19,0.00,100.00,100.00,100.00,5.90,0.00,306
2002-03-12,0.00,100.00,100.00,100.00,19.02,0.00,319
2002-03-05,0.00,100.00,100.00,100.00,0.00,0.00,300
2002-02-26,0.00,100.00,100.00,100.00,0.00,0.00,300
2002-02-19,0.00,100.00,100.00,100.00,0.00,0.00,300
2002-02-12,0.00,100.00,100.00,100.00,0.00,0.00,300
2002-02-05,0.00,100.00,100.00,92.34,0.00,0.00,292
2002-01-29,0.00,100.00,100.00,41.41,0.00,0.00,241
2002-01-22,0.00,100.00,100.00,36.91,0.00,0.00,237
2002-01-15,0.00,100.00,100.00,87.68,0.00,0.00,288
2002-01-08,0.00,100.00,100.00,100.00,0.00,0.00,300
2002-01-01,0.00,100.00,100.00,100.00,0.00,0.00,300
2001-12-25,0.00,100.00,100.00,100.00,0.00,0.00,300
2001-12-18,0.00,100.00,100.00,99.98,0.00,0.00,300
2001-12-11,0.00,100.00,100.00,60.53,0.00,0.00,261
2001-12-04,0.00,100.00,100.00,100.00,0.00,0.00,300
2001-11-27,0.00,100.00,100.00,0.00,0.00,0.00,200
2001-11-20,0.00,100.00,100.00,0.00,0.00,0.00,200
2001-11-13,0.00,100.00,100.00,0.00,0.00,0.00,200
2001-11-06,0.00,100.00,100.00,0.00,0.00,0.00,200
2001-10-30,0.00,100.00,100.00,0.00,0.00,0.00,200
2001-10-23,0.00,100.00,0.00,0.00,0.00,0.00,100
2001-10-16,59.83,40.17,0.00,0.00,0.00,0.00,40
2001-10-09,58.77,41.23,0.00,0.00,0.00,0.00,41
2001-10-02,100.00,0.00,0.00,0.00,0.00,0.00,0
2001-09-25,100.00,0.00,0.00,0.00,0.00,0.00,0
2001-09-18,100.00,0.00,0.00,0.00,0.00,0.00,0
2001-09-11,100.00,0.00,0.00,0.00,0.00,0.00,0
2001-09-04,100.00,0.00,0.00,0.00,0.00,0.00,0
2001-08-28,100.00,0.00,0.00,0.00,0.00,0.00,0
2001-08-21,100.00,0.00,0.00,0.00,0.00,0.00,0
2001-08-14,100.00,0.00,0.00,0.00,0.00,0.00,0
2001-08-07,100.00,0.00,0.00,0.00,0.00,0.00,0
2001-07-31,100.00,0.00,0.00,0.00,0.00,0.00,0
2001-07-24,0.00,100.00,0.00,0.00,0.00,0.00,100
2001-07-17,0.00,100.00,0.00,0.00,0.00,0.00,100
2001-07-10,100.00,0.00,0.00,0.00,0.00,0.00,0
2001-07-03,100.00,0.00,0.00,0.00,0.00,0.00,0
2001-06-26,100.00,0.00,0.00,0.00,0.00,0.00,0
2001-06-19,100.00,0.00,0.00,0.00,0.00,0.00,0
2001-06-12,100.00,0.00,0.00,0.00,0.00,0.00,0
2001-06-05,100.00,0.00,0.00,0.00,0.00,0.00,0
2001-05-29,0.00,100.00,0.00,0.00,0.00,0.00,100
2001-05-22,0.00,100.00,0.00,0.00,0.00,0.00,100
2001-05-15,0.00,100.00,0.00,0.00,0.00,0.00,100
2001-05-08,0.00,100.00,0.00,0.00,0.00,0.00,100
2001-05-01,100.00,0.00,0.00,0.00,0.00,0.00,0
2001-04-24,100.00,0.00,0.00,0.00,0.00,0.00,0
2001-04-17,100.00,0.00,0.00,0.00,0.00,0.00,0
2001-04-10,100.00,0.00,0.00,0.00,0.00,0.00,0
2001-04-03,100.00,0.00,0.00,0.00,0.00,0.00,0
2001-03-27,0.93,99.07,0.00,0.00,0.00,0.00,99
2001-03-20,0.00,100.00,0.00,0.00,0.00,0.00,100
2001-03-13,100.00,0.00,0.00,0.00,0.00,0.00,0
2001-03-06,100.00,0.00,0.00,0.00,0.00,0.00,0
2001-02-27,100.00,0.00,0.00,0.00,0.00,0.00,0
2001-02-20,100.00,0.00,0.00,0.00,0.00,0.00,0
2001-02-13,100.00,0.00,0.00,0.00,0.00,0.00,0
2001-02-06,100.00,0.00,0.00,0.00,0.00,0.00,0
2001-01-30,100.00,0.00,0.00,0.00,0.00,0.00,0
2001-01-23,100.00,0.00,0.00,0.00,0.00,0.00,0
2001-01-16,100.00,0.00,0.00,0.00,0.00,0.00,0
2001-01-09,100.00,0.00,0.00,0.00,0.00,0.00,0
2001-01-02,100.00,0.00,0.00,0.00,0.00,0.00,0
2000-12-26,100.00,0.00,0.00,0.00,0.00,0.00,0
2000-12-19,100.00,0.00,0.00,0.00,0.00,0.00,0
2000-12-12,100.00,0.00,0.00,0.00,0.00,0.00,0
2000-12-05,100.00,0.00,0.00,0.00,0.00,0.00,0
2000-11-28,100.00,0.00,0.00,0.00,0.00,0.00,0
2000-11-21,0.00,100.00,0.00,0.00,0.00,0.00,100
2000-11-14,0.00,100.00,0.00,0.00,0.00,0.00,100
2000-11-07,0.00,100.00,0.00,0.00,0.00,0.00,100
2000-10-31,0.00,100.00,0.00,0.00,0.00,0.00,100
2000-10-24,100.00,0.00,0.00,0.00,0.00,0.00,0
2000-10-17,100.00,0.00,0.00,0.00,0.00,0.00,0
2000-10-10,100.00,0.00,0.00,0.00,0.00,0.00,0
2000-10-03,100.00,0.00,0.00,0.00,0.00,0.00,0
2000-09-26,100.00,0.00,0.00,0.00,0.00,0.00,0
2000-09-19,100.00,0.00,0.00,0.00,0.00,0.00,0
2000-09-12,100.00,0.00,0.00,0.00,0.00,0.00,0
2000-09-05,100.00,0.00,0.00,0.00,0.00,0.00,0
2000-08-29,100.00,0.00,0.00,0.00,0.00,0.00,0
2000-08-22,100.00,0.00,0.00,0.00,0.00,0.00,0
2000-08-15,100.00,0.00,0.00,0.00,0.00,0.00,0
2000-08-08,100.00,0.00,0.00,0.00,0.00,0.00,0
2000-08-01,100.00,0.00,0.00,0.00,0.00,0.00,0
2000-07-25,100.00,0.00,0.00,0.00,0.00,0.00,0
2000-07-18,100.00,0.00,0.00,0.00,0.00,0.00,0
2000-07-11,100.00,0.00,0.00,0.00,0.00,0.00,0
2000-07-04,100.00,0.00,0.00,0.00,0.00,0.00,0
2000-06-27,100.00,0.00,0.00,0.00,0.00,0.00,0
2000-06-20,100.00,0.00,0.00,0.00,0.00,0.00,0
2000-06-13,100.00,0.00,0.00,0.00,0.00,0.00,0
2000-06-06,100.00,0.00,0.00,0.00,0.00,0.00,0
2000-05-30,100.00,0.00,0.00,0.00,0.00,0.00,0
2000-05-23,100.00,0.00,0.00,0.00,0.00,0.00,0
2000-05-16,100.00,0.00,0.00,0.00,0.00,0.00,0
2000-05-09,100.00,0.00,0.00,0.00,0.00,0.00,0
2000-05-02,100.00,0.00,0.00,0.00,0.00,0.00,0
2000-04-25,100.00,0.00,0.00,0.00,0.00,0.00,0
2000-04-18,100.00,0.00,0.00,0.00,0.00,0.00,0
2000-04-11,100.00,0.00,0.00,0.00,0.00,0.00,0
2000-04-04,100.00,0.00,0.00,0.00,0.00,0.00,0
2000-03-28,100.00,0.00,0.00,0.00,0.00,0.00,0
2000-03-21,100.00,0.00,0.00,0.00,0.00,0.00,0
2000-03-14,100.00,0.00,0.00,0.00,0.00,0.00,0
2000-03-07,100.00,0.00,0.00,0.00,0.00,0.00,0
2000-02-29,100.00,0.00,0.00,0.00,0.00,0.00,0
2000-02-22,100.00,0.00,0.00,0.00,0.00,0.00,0
2000-02-15,100.00,0.00,0.00,0.00,0.00,0.00,0
2000-02-08,100.00,0.00,0.00,0.00,0.00,0.00,0
2000-02-01,100.00,0.00,0.00,0.00,0.00,0.00,0
2000-01-25,100.00,0.00,0.00,0.00,0.00,0.00,0
2000-01-18,100.00,0.00,0.00,0.00,0.00,0.00,0
2000-01-11,100.00,0.00,0.00,0.00,0.00,0.00,0
2000-01-04,100.00,0.00,0.00,0.00,0.00,0.00,0
